Model,R2,MAE,NDCG@5,Precision@5,MRR
Linear Regression,0.44085913187927306,0.12111669220211738,0.6497272965976958,0.46340000000000003,0.5972613057981635
Random Forest,0.7746371966020213,0.07120798576233353,0.9289497865441962,0.7747,0.848617872686079
XGBoost,0.9409920666693948,0.03511980451883844,0.9990083786336812,0.8291,0.8955
